{"cameraMode":{"drawMode":0,"name":"Shaded","section":"Shading Mode"},"sceneLighting":true,"audioPlay":false,"sceneViewState":{"m_AlwaysRefresh":false,"showFog":true,"showSkybox":true,"showFlares":true,"showImageEffects":true,"showParticleSystems":true,"showVisualEffectGraphs":true,"m_FxEnabled":true},"in2DMode":false,"pivot":{"x":-1.1667208671569825,"y":2.0297112464904787,"z":3.592376708984375},"rotation":{"x":0.31358131766319277,"y":-0.41749539971351626,"z":0.15614540874958039,"w":0.8384415507316589},"size":4.7949724197387699,"orthographic":false}