{"cameraMode":{"drawMode":0,"name":"Shaded","section":"Shading Mode"},"sceneLighting":true,"audioPlay":false,"sceneViewState":{"m_AlwaysRefresh":false,"showFog":true,"showSkybox":true,"showFlares":true,"showImageEffects":true,"showParticleSystems":true,"showVisualEffectGraphs":true,"m_FxEnabled":true},"in2DMode":false,"pivot":{"x":21.572731018066408,"y":3.9166622161865236,"z":47.895294189453128},"rotation":{"x":0.07386297732591629,"y":0.22537922859191895,"z":-0.017138643190264703,"w":0.9713166356086731},"size":90.89804077148438,"orthographic":false}