{"cameraMode":{"drawMode":0,"name":"Shaded","section":"Shading Mode"},"sceneLighting":true,"audioPlay":false,"sceneViewState":{"m_AlwaysRefresh":false,"showFog":true,"showSkybox":true,"showFlares":true,"showImageEffects":true,"showParticleSystems":true,"showVisualEffectGraphs":true,"m_FxEnabled":true},"in2DMode":false,"pivot":{"x":-1.3534889221191407,"y":2.0281100273132326,"z":0.3638080358505249},"rotation":{"x":0.014554151333868504,"y":0.40222102403640749,"z":-0.006395760923624039,"w":0.9153996109962463},"size":1.5347670316696168,"orthographic":false}